id	address	kind	resource_type	resource_id	name	media_type	output_file	confidence	source
resource_marker:rom:1994-09---5--10--1----uadra-660av---840a:6973886C:2097152:40800BFC:DRVR	40800BFC	resource_marker	DRVR		DRVR marker 40800BFC				rom_structure_analysis
resource_marker:rom:1994-09---5--10--1----uadra-660av---840a:6973886C:2097152:4080122A:DRVR	4080122A	resource_marker	DRVR		DRVR marker 4080122A				rom_structure_analysis
resource_marker:rom:1995-08---4-27039-----owerbook-190---190:-638E37DD:2097152:40801302:DRVR	40801302	resource_marker	DRVR		DRVR marker 40801302				rom_structure_analysis
resource_marker:rom:1995-08---4-27039-----owerbook-190---190:-638E37DD:2097152:4080191E:boot	4080191E	resource_marker	boot		boot marker 4080191E				rom_structure_analysis
resource_marker:rom:1994-09---5--10--1----uadra-660av---840a:6973886C:2097152:4080CE64:DRVR	4080CE64	resource_marker	DRVR		DRVR marker 4080CE64				rom_structure_analysis
resource_marker:rom:1994-09---5--10--1----uadra-660av---840a:6973886C:2097152:4080CF78:DRVR	4080CF78	resource_marker	DRVR		DRVR marker 4080CF78				rom_structure_analysis
resource_marker:rom:1994-09---5--10--1----uadra-660av---840a:6973886C:2097152:4080D52A:boot	4080D52A	resource_marker	boot		boot marker 4080D52A				rom_structure_analysis
resource_marker:rom:1995-08---4-27039-----owerbook-190---190:-638E37DD:2097152:40815790:boot	40815790	resource_marker	boot		boot marker 40815790				rom_structure_analysis
resource_marker:rom:1994-09---5--10--1----uadra-660av---840a:6973886C:2097152:40832986:STR	40832986	resource_marker	STR		STR  marker 40832986				rom_structure_analysis
resource_marker:rom:1994-09---5--10--1----uadra-660av---840a:6973886C:2097152:40832DE2:STR	40832DE2	resource_marker	STR		STR  marker 40832DE2				rom_structure_analysis
resource_marker:rom:1994-09---5--10--1----uadra-660av---840a:6973886C:2097152:40837ADA:STR	40837ADA	resource_marker	STR		STR  marker 40837ADA				rom_structure_analysis
resource_marker:rom:1994-09---5--10--1----uadra-660av---840a:6973886C:2097152:40837DC2:STR	40837DC2	resource_marker	STR		STR  marker 40837DC2				rom_structure_analysis
resource_marker:rom:1994-09---5--10--1----uadra-660av---840a:6973886C:2097152:4083A394:PACK	4083A394	resource_marker	PACK		PACK marker 4083A394				rom_structure_analysis
resource_marker:rom:1994-09---5--10--1----uadra-660av---840a:6973886C:2097152:4083A504:CODE	4083A504	resource_marker	CODE		CODE marker 4083A504				rom_structure_analysis
resource_marker:rom:1994-09---5--10--1----uadra-660av---840a:6973886C:2097152:4083BB20:STR	4083BB20	resource_marker	STR		STR  marker 4083BB20				rom_structure_analysis
resource_marker:rom:1994-09---5--10--1----uadra-660av---840a:6973886C:2097152:4083BB88:ALRT	4083BB88	resource_marker	ALRT		ALRT marker 4083BB88				rom_structure_analysis
resource_marker:rom:1994-09---5--10--1----uadra-660av---840a:6973886C:2097152:4083BDDA:MENU	4083BDDA	resource_marker	MENU		MENU marker 4083BDDA				rom_structure_analysis
resource_marker:rom:1994-09---5--10--1----uadra-660av---840a:6973886C:2097152:4084C72A:PACK	4084C72A	resource_marker	PACK		PACK marker 4084C72A				rom_structure_analysis
resource_marker:rom:1994-09---5--10--1----uadra-660av---840a:6973886C:2097152:4084EFAE:DRVR	4084EFAE	resource_marker	DRVR		DRVR marker 4084EFAE				rom_structure_analysis
resource_marker:rom:1994-09---5--10--1----uadra-660av---840a:6973886C:2097152:408524BA:rsrc	408524BA	resource_marker	rsrc		rsrc marker 408524BA				rom_structure_analysis
resource_marker:rom:1994-09---5--10--1----uadra-660av---840a:6973886C:2097152:408554E8:MENU	408554E8	resource_marker	MENU		MENU marker 408554E8				rom_structure_analysis
resource_marker:rom:1994-09---5--10--1----uadra-660av---840a:6973886C:2097152:408555A6:DRVR	408555A6	resource_marker	DRVR		DRVR marker 408555A6				rom_structure_analysis
resource_marker:rom:1994-09---5--10--1----uadra-660av---840a:6973886C:2097152:4085D010:DITL	4085D010	resource_marker	DITL		DITL marker 4085D010				rom_structure_analysis
resource_marker:rom:1994-09---5--10--1----uadra-660av---840a:6973886C:2097152:4085D4C0:DITL	4085D4C0	resource_marker	DITL		DITL marker 4085D4C0				rom_structure_analysis
resource_marker:rom:1994-09---5--10--1----uadra-660av---840a:6973886C:2097152:4085D51E:ALRT	4085D51E	resource_marker	ALRT		ALRT marker 4085D51E				rom_structure_analysis
resource_marker:rom:1994-09---5--10--1----uadra-660av---840a:6973886C:2097152:4085D566:ALRT	4085D566	resource_marker	ALRT		ALRT marker 4085D566				rom_structure_analysis
resource_marker:rom:1995-08---4-27039-----owerbook-190---190:-638E37DD:2097152:4085E8B8:STR	4085E8B8	resource_marker	STR		STR  marker 4085E8B8				rom_structure_analysis
resource_marker:rom:1995-08---4-27039-----owerbook-190---190:-638E37DD:2097152:4085EDA2:STR	4085EDA2	resource_marker	STR		STR  marker 4085EDA2				rom_structure_analysis
resource_marker:rom:1995-08---4-27039-----owerbook-190---190:-638E37DD:2097152:408644CE:STR	408644CE	resource_marker	STR		STR  marker 408644CE				rom_structure_analysis
resource_marker:rom:1995-08---4-27039-----owerbook-190---190:-638E37DD:2097152:408647F2:STR	408647F2	resource_marker	STR		STR  marker 408647F2				rom_structure_analysis
resource_marker:rom:1995-08---4-27039-----owerbook-190---190:-638E37DD:2097152:40866FE4:PACK	40866FE4	resource_marker	PACK		PACK marker 40866FE4				rom_structure_analysis
resource_marker:rom:1995-08---4-27039-----owerbook-190---190:-638E37DD:2097152:40867152:CODE	40867152	resource_marker	CODE		CODE marker 40867152				rom_structure_analysis
resource_marker:rom:1994-09---5--10--1----uadra-660av---840a:6973886C:2097152:4086767A:STR#	4086767A	resource_marker	STR#		STR# marker 4086767A				rom_structure_analysis
resource_marker:rom:1994-09---5--10--1----uadra-660av---840a:6973886C:2097152:4086792C:DITL	4086792C	resource_marker	DITL		DITL marker 4086792C				rom_structure_analysis
resource_marker:rom:1995-08---4-27039-----owerbook-190---190:-638E37DD:2097152:408687B0:STR	408687B0	resource_marker	STR		STR  marker 408687B0				rom_structure_analysis
resource_marker:rom:1995-08---4-27039-----owerbook-190---190:-638E37DD:2097152:40868818:ALRT	40868818	resource_marker	ALRT		ALRT marker 40868818				rom_structure_analysis
resource_marker:rom:1995-08---4-27039-----owerbook-190---190:-638E37DD:2097152:40868A6A:MENU	40868A6A	resource_marker	MENU		MENU marker 40868A6A				rom_structure_analysis
resource_marker:rom:1995-08---4-27039-----owerbook-190---190:-638E37DD:2097152:4087ECD2:CODE	4087ECD2	resource_marker	CODE		CODE marker 4087ECD2				rom_structure_analysis
resource_marker:rom:1995-08---4-27039-----owerbook-190---190:-638E37DD:2097152:40885CE6:ndrv	40885CE6	resource_marker	ndrv		ndrv marker 40885CE6				rom_structure_analysis
resource_marker:rom:1995-08---4-27039-----owerbook-190---190:-638E37DD:2097152:408860CE:ndrv	408860CE	resource_marker	ndrv		ndrv marker 408860CE				rom_structure_analysis
resource_marker:rom:1995-08---4-27039-----owerbook-190---190:-638E37DD:2097152:408864C4:ndrv	408864C4	resource_marker	ndrv		ndrv marker 408864C4				rom_structure_analysis
resource_marker:rom:1995-08---4-27039-----owerbook-190---190:-638E37DD:2097152:4088931A:PACK	4088931A	resource_marker	PACK		PACK marker 4088931A				rom_structure_analysis
resource_marker:rom:1995-08---4-27039-----owerbook-190---190:-638E37DD:2097152:4088BD0C:STR	4088BD0C	resource_marker	STR		STR  marker 4088BD0C				rom_structure_analysis
resource_marker:rom:1995-08---4-27039-----owerbook-190---190:-638E37DD:2097152:4088FB42:DRVR	4088FB42	resource_marker	DRVR		DRVR marker 4088FB42				rom_structure_analysis
resource_marker:rom:1995-08---4-27039-----owerbook-190---190:-638E37DD:2097152:40890670:rsrc	40890670	resource_marker	rsrc		rsrc marker 40890670				rom_structure_analysis
resource_marker:rom:1995-08---4-27039-----owerbook-190---190:-638E37DD:2097152:40894038:MENU	40894038	resource_marker	MENU		MENU marker 40894038				rom_structure_analysis
resource_marker:rom:1995-08---4-27039-----owerbook-190---190:-638E37DD:2097152:4089411E:DRVR	4089411E	resource_marker	DRVR		DRVR marker 4089411E				rom_structure_analysis
resource_marker:rom:1995-08---4-27039-----owerbook-190---190:-638E37DD:2097152:40899986:decl	40899986	resource_marker	decl		decl marker 40899986				rom_structure_analysis
resource_marker:rom:1994-09---5--10--1----uadra-660av---840a:6973886C:2097152:408A0AA6:STR	408A0AA6	resource_marker	STR		STR  marker 408A0AA6				rom_structure_analysis
resource_marker:rom:1995-08---4-27039-----owerbook-190---190:-638E37DD:2097152:408A1F84:ndrv	408A1F84	resource_marker	ndrv		ndrv marker 408A1F84				rom_structure_analysis
resource_marker:rom:1995-08---4-27039-----owerbook-190---190:-638E37DD:2097152:408A21A8:ndrv	408A21A8	resource_marker	ndrv		ndrv marker 408A21A8				rom_structure_analysis
resource_marker:rom:1994-09---5--10--1----uadra-660av---840a:6973886C:2097152:408A3C08:STR#	408A3C08	resource_marker	STR#		STR# marker 408A3C08				rom_structure_analysis
resource_marker:rom:1995-08---4-27039-----owerbook-190---190:-638E37DD:2097152:408A8A08:MENU	408A8A08	resource_marker	MENU		MENU marker 408A8A08				rom_structure_analysis
resource_marker:rom:1995-08---4-27039-----owerbook-190---190:-638E37DD:2097152:408A8A4D:MENU	408A8A4D	resource_marker	MENU		MENU marker 408A8A4D				rom_structure_analysis
resource_marker:rom:1995-08---4-27039-----owerbook-190---190:-638E37DD:2097152:408A8A89:MENU	408A8A89	resource_marker	MENU		MENU marker 408A8A89				rom_structure_analysis
resource_marker:rom:1995-08---4-27039-----owerbook-190---190:-638E37DD:2097152:408AD0F4:DRVR	408AD0F4	resource_marker	DRVR		DRVR marker 408AD0F4				rom_structure_analysis
resource_marker:rom:1995-08---4-27039-----owerbook-190---190:-638E37DD:2097152:408B0065:DRVR	408B0065	resource_marker	DRVR		DRVR marker 408B0065				rom_structure_analysis
resource_marker:rom:1995-08---4-27039-----owerbook-190---190:-638E37DD:2097152:408B0279:DRVR	408B0279	resource_marker	DRVR		DRVR marker 408B0279				rom_structure_analysis
resource_marker:rom:1995-08---4-27039-----owerbook-190---190:-638E37DD:2097152:408B30F2:DRVR	408B30F2	resource_marker	DRVR		DRVR marker 408B30F2				rom_structure_analysis
resource_marker:rom:1995-08---4-27039-----owerbook-190---190:-638E37DD:2097152:408B3258:DRVR	408B3258	resource_marker	DRVR		DRVR marker 408B3258				rom_structure_analysis
resource_marker:rom:1995-08---4-27039-----owerbook-190---190:-638E37DD:2097152:408B342F:DRVR	408B342F	resource_marker	DRVR		DRVR marker 408B342F				rom_structure_analysis
resource_marker:rom:1995-08---4-27039-----owerbook-190---190:-638E37DD:2097152:408B47A8:ndrv	408B47A8	resource_marker	ndrv		ndrv marker 408B47A8				rom_structure_analysis
resource_marker:rom:1995-08---4-27039-----owerbook-190---190:-638E37DD:2097152:408C26D0:DITL	408C26D0	resource_marker	DITL		DITL marker 408C26D0				rom_structure_analysis
resource_marker:rom:1995-08---4-27039-----owerbook-190---190:-638E37DD:2097152:408C2B80:DITL	408C2B80	resource_marker	DITL		DITL marker 408C2B80				rom_structure_analysis
resource_marker:rom:1995-08---4-27039-----owerbook-190---190:-638E37DD:2097152:408C2BDE:ALRT	408C2BDE	resource_marker	ALRT		ALRT marker 408C2BDE				rom_structure_analysis
resource_marker:rom:1995-08---4-27039-----owerbook-190---190:-638E37DD:2097152:408C2C26:ALRT	408C2C26	resource_marker	ALRT		ALRT marker 408C2C26				rom_structure_analysis
resource_marker:rom:1995-08---4-27039-----owerbook-190---190:-638E37DD:2097152:408C3E9E:MENU	408C3E9E	resource_marker	MENU		MENU marker 408C3E9E				rom_structure_analysis
resource_marker:rom:1995-08---4-27039-----owerbook-190---190:-638E37DD:2097152:408C4010:MENU	408C4010	resource_marker	MENU		MENU marker 408C4010				rom_structure_analysis
resource_marker:rom:1995-08---4-27039-----owerbook-190---190:-638E37DD:2097152:408CD06A:STR#	408CD06A	resource_marker	STR#		STR# marker 408CD06A				rom_structure_analysis
resource_marker:rom:1995-08---4-27039-----owerbook-190---190:-638E37DD:2097152:408CD31C:DITL	408CD31C	resource_marker	DITL		DITL marker 408CD31C				rom_structure_analysis
resource_marker:rom:1995-08---4-27039-----owerbook-190---190:-638E37DD:2097152:408F3017:MENU	408F3017	resource_marker	MENU		MENU marker 408F3017				rom_structure_analysis
resource_marker:rom:1995-08---4-27039-----owerbook-190---190:-638E37DD:2097152:408F48F1:MENU	408F48F1	resource_marker	MENU		MENU marker 408F48F1				rom_structure_analysis
resource_marker:rom:1995-08---4-27039-----owerbook-190---190:-638E37DD:2097152:4090AED8:STR	4090AED8	resource_marker	STR		STR  marker 4090AED8				rom_structure_analysis
resource_marker:rom:1995-08---4-27039-----owerbook-190---190:-638E37DD:2097152:4090E128:STR#	4090E128	resource_marker	STR#		STR# marker 4090E128				rom_structure_analysis
resource_marker:rom:1994-09---5--10--1----uadra-660av---840a:6973886C:2097152:4091BB06:ptch	4091BB06	resource_marker	ptch		ptch marker 4091BB06				rom_structure_analysis
resource_marker:rom:1994-09---5--10--1----uadra-660av---840a:6973886C:2097152:4091BB1C:ptch	4091BB1C	resource_marker	ptch		ptch marker 4091BB1C				rom_structure_analysis
resource_marker:rom:1994-09---5--10--1----uadra-660av---840a:6973886C:2097152:4091C110:boot	4091C110	resource_marker	boot		boot marker 4091C110				rom_structure_analysis
resource_marker:rom:1994-09---5--10--1----uadra-660av---840a:6973886C:2097152:4091C216:PACK	4091C216	resource_marker	PACK		PACK marker 4091C216				rom_structure_analysis
resource_marker:rom:1994-09---5--10--1----uadra-660av---840a:6973886C:2097152:4091C21C:PACK	4091C21C	resource_marker	PACK		PACK marker 4091C21C				rom_structure_analysis
resource_marker:rom:1994-09---5--10--1----uadra-660av---840a:6973886C:2097152:4091C222:PACK	4091C222	resource_marker	PACK		PACK marker 4091C222				rom_structure_analysis
resource_marker:rom:1994-09---5--10--1----uadra-660av---840a:6973886C:2097152:4091C228:PACK	4091C228	resource_marker	PACK		PACK marker 4091C228				rom_structure_analysis
resource_marker:rom:1994-09---5--10--1----uadra-660av---840a:6973886C:2097152:4091C22E:PACK	4091C22E	resource_marker	PACK		PACK marker 4091C22E				rom_structure_analysis
resource_marker:rom:1994-09---5--10--1----uadra-660av---840a:6973886C:2097152:4091C234:PACK	4091C234	resource_marker	PACK		PACK marker 4091C234				rom_structure_analysis
resource_marker:rom:1994-09---5--10--1----uadra-660av---840a:6973886C:2097152:4091C23A:PACK	4091C23A	resource_marker	PACK		PACK marker 4091C23A				rom_structure_analysis
resource_marker:rom:1994-09---5--10--1----uadra-660av---840a:6973886C:2097152:4091C240:PACK	4091C240	resource_marker	PACK		PACK marker 4091C240				rom_structure_analysis
resource_marker:rom:1994-09---5--10--1----uadra-660av---840a:6973886C:2097152:4091C246:PACK	4091C246	resource_marker	PACK		PACK marker 4091C246				rom_structure_analysis
resource_marker:rom:1994-09---5--10--1----uadra-660av---840a:6973886C:2097152:4091C24C:PACK	4091C24C	resource_marker	PACK		PACK marker 4091C24C				rom_structure_analysis
resource_marker:rom:1994-09---5--10--1----uadra-660av---840a:6973886C:2097152:40927630:DRVR	40927630	resource_marker	DRVR		DRVR marker 40927630				rom_structure_analysis
resource_marker:rom:1994-09---5--10--1----uadra-660av---840a:6973886C:2097152:40929794:PACK	40929794	resource_marker	PACK		PACK marker 40929794				rom_structure_analysis
resource_marker:rom:1994-09---5--10--1----uadra-660av---840a:6973886C:2097152:4092A980:PACK	4092A980	resource_marker	PACK		PACK marker 4092A980				rom_structure_analysis
resource_marker:rom:1994-09---5--10--1----uadra-660av---840a:6973886C:2097152:4092ADA4:PACK	4092ADA4	resource_marker	PACK		PACK marker 4092ADA4				rom_structure_analysis
resource_marker:rom:1994-09---5--10--1----uadra-660av---840a:6973886C:2097152:4092AEBA:PACK	4092AEBA	resource_marker	PACK		PACK marker 4092AEBA				rom_structure_analysis
resource_marker:rom:1994-09---5--10--1----uadra-660av---840a:6973886C:2097152:4092AEC0:PACK	4092AEC0	resource_marker	PACK		PACK marker 4092AEC0				rom_structure_analysis
resource_marker:rom:1994-09---5--10--1----uadra-660av---840a:6973886C:2097152:4092B2B4:DITL	4092B2B4	resource_marker	DITL		DITL marker 4092B2B4				rom_structure_analysis
resource_marker:rom:1994-09---5--10--1----uadra-660av---840a:6973886C:2097152:4092CEE0:STR#	4092CEE0	resource_marker	STR#		STR# marker 4092CEE0				rom_structure_analysis
resource_marker:rom:1994-09---5--10--1----uadra-660av---840a:6973886C:2097152:4092E3D0:PACK	4092E3D0	resource_marker	PACK		PACK marker 4092E3D0				rom_structure_analysis
resource_marker:rom:1994-09---5--10--1----uadra-660av---840a:6973886C:2097152:4092E3F4:PACK	4092E3F4	resource_marker	PACK		PACK marker 4092E3F4				rom_structure_analysis
resource_marker:rom:1994-09---5--10--1----uadra-660av---840a:6973886C:2097152:40931F10:PACK	40931F10	resource_marker	PACK		PACK marker 40931F10				rom_structure_analysis
resource_marker:rom:1994-09---5--10--1----uadra-660av---840a:6973886C:2097152:40931F34:PACK	40931F34	resource_marker	PACK		PACK marker 40931F34				rom_structure_analysis
resource_marker:rom:1994-09---5--10--1----uadra-660av---840a:6973886C:2097152:40933370:PACK	40933370	resource_marker	PACK		PACK marker 40933370				rom_structure_analysis
resource_marker:rom:1994-09---5--10--1----uadra-660av---840a:6973886C:2097152:40935420:PACK	40935420	resource_marker	PACK		PACK marker 40935420				rom_structure_analysis
resource_marker:rom:1994-09---5--10--1----uadra-660av---840a:6973886C:2097152:40936660:PACK	40936660	resource_marker	PACK		PACK marker 40936660				rom_structure_analysis
resource_marker:rom:1994-09---5--10--1----uadra-660av---840a:6973886C:2097152:40936684:PACK	40936684	resource_marker	PACK		PACK marker 40936684				rom_structure_analysis
resource_marker:rom:1994-09---5--10--1----uadra-660av---840a:6973886C:2097152:40936BF0:PACK	40936BF0	resource_marker	PACK		PACK marker 40936BF0				rom_structure_analysis
resource_marker:rom:1994-09---5--10--1----uadra-660av---840a:6973886C:2097152:40936C12:PACK	40936C12	resource_marker	PACK		PACK marker 40936C12				rom_structure_analysis
resource_marker:rom:1994-09---5--10--1----uadra-660av---840a:6973886C:2097152:4093C9C0:PACK	4093C9C0	resource_marker	PACK		PACK marker 4093C9C0				rom_structure_analysis
resource_marker:rom:1994-09---5--10--1----uadra-660av---840a:6973886C:2097152:4093C9E2:PACK	4093C9E2	resource_marker	PACK		PACK marker 4093C9E2				rom_structure_analysis
resource_marker:rom:1994-09---5--10--1----uadra-660av---840a:6973886C:2097152:4093D82E:STR	4093D82E	resource_marker	STR		STR  marker 4093D82E				rom_structure_analysis
resource_marker:rom:1994-09---5--10--1----uadra-660av---840a:6973886C:2097152:4093F248:STR#	4093F248	resource_marker	STR#		STR# marker 4093F248				rom_structure_analysis
resource_marker:rom:1994-09---5--10--1----uadra-660av---840a:6973886C:2097152:4093F570:PACK	4093F570	resource_marker	PACK		PACK marker 4093F570				rom_structure_analysis
resource_marker:rom:1994-09---5--10--1----uadra-660av---840a:6973886C:2097152:4093F5D2:PACK	4093F5D2	resource_marker	PACK		PACK marker 4093F5D2				rom_structure_analysis
resource_marker:rom:1994-09---5--10--1----uadra-660av---840a:6973886C:2097152:40944838:STR#	40944838	resource_marker	STR#		STR# marker 40944838				rom_structure_analysis
resource_marker:rom:1994-09---5--10--1----uadra-660av---840a:6973886C:2097152:40944ADA:DITL	40944ADA	resource_marker	DITL		DITL marker 40944ADA				rom_structure_analysis
resource_marker:rom:1994-09---5--10--1----uadra-660av---840a:6973886C:2097152:40946660:PACK	40946660	resource_marker	PACK		PACK marker 40946660				rom_structure_analysis
resource_marker:rom:1994-09---5--10--1----uadra-660av---840a:6973886C:2097152:40947345:PACK	40947345	resource_marker	PACK		PACK marker 40947345				rom_structure_analysis
resource_marker:rom:1994-09---5--10--1----uadra-660av---840a:6973886C:2097152:40948F5E:STR#	40948F5E	resource_marker	STR#		STR# marker 40948F5E				rom_structure_analysis
resource_marker:rom:1994-09---5--10--1----uadra-660av---840a:6973886C:2097152:4094A7E0:PACK	4094A7E0	resource_marker	PACK		PACK marker 4094A7E0				rom_structure_analysis
resource_marker:rom:1994-09---5--10--1----uadra-660av---840a:6973886C:2097152:40954588:STR#	40954588	resource_marker	STR#		STR# marker 40954588				rom_structure_analysis
resource_marker:rom:1994-09---5--10--1----uadra-660av---840a:6973886C:2097152:40955202:PACK	40955202	resource_marker	PACK		PACK marker 40955202				rom_structure_analysis
resource_marker:rom:1994-09---5--10--1----uadra-660av---840a:6973886C:2097152:40958044:STR	40958044	resource_marker	STR		STR  marker 40958044				rom_structure_analysis
resource_marker:rom:1994-09---5--10--1----uadra-660av---840a:6973886C:2097152:40958AD8:STR#	40958AD8	resource_marker	STR#		STR# marker 40958AD8				rom_structure_analysis
resource_marker:rom:1994-09---5--10--1----uadra-660av---840a:6973886C:2097152:40958B70:PACK	40958B70	resource_marker	PACK		PACK marker 40958B70				rom_structure_analysis
resource_marker:rom:1994-09---5--10--1----uadra-660av---840a:6973886C:2097152:40959248:STR#	40959248	resource_marker	STR#		STR# marker 40959248				rom_structure_analysis
resource_marker:rom:1994-09---5--10--1----uadra-660av---840a:6973886C:2097152:40959382:PACK	40959382	resource_marker	PACK		PACK marker 40959382				rom_structure_analysis
resource_marker:rom:1994-09---5--10--1----uadra-660av---840a:6973886C:2097152:4095A006:STR	4095A006	resource_marker	STR		STR  marker 4095A006				rom_structure_analysis
resource_marker:rom:1994-09---5--10--1----uadra-660av---840a:6973886C:2097152:4095A036:STR#	4095A036	resource_marker	STR#		STR# marker 4095A036				rom_structure_analysis
resource_marker:rom:1994-09---5--10--1----uadra-660av---840a:6973886C:2097152:4095D738:STR#	4095D738	resource_marker	STR#		STR# marker 4095D738				rom_structure_analysis
resource_marker:rom:1994-09---5--10--1----uadra-660av---840a:6973886C:2097152:4095D9A0:PACK	4095D9A0	resource_marker	PACK		PACK marker 4095D9A0				rom_structure_analysis
resource_marker:rom:1994-09---5--10--1----uadra-660av---840a:6973886C:2097152:4095DAB2:PACK	4095DAB2	resource_marker	PACK		PACK marker 4095DAB2				rom_structure_analysis
resource_marker:rom:1994-09---5--10--1----uadra-660av---840a:6973886C:2097152:40960C90:PACK	40960C90	resource_marker	PACK		PACK marker 40960C90				rom_structure_analysis
resource_marker:rom:1995-08---4-27039-----owerbook-190---190:-638E37DD:2097152:4096425A:PACK	4096425A	resource_marker	PACK		PACK marker 4096425A				rom_structure_analysis
resource_marker:rom:1995-08---4-27039-----owerbook-190---190:-638E37DD:2097152:40964260:PACK	40964260	resource_marker	PACK		PACK marker 40964260				rom_structure_analysis
resource_marker:rom:1995-08---4-27039-----owerbook-190---190:-638E37DD:2097152:40964266:PACK	40964266	resource_marker	PACK		PACK marker 40964266				rom_structure_analysis
resource_marker:rom:1995-08---4-27039-----owerbook-190---190:-638E37DD:2097152:4096426C:PACK	4096426C	resource_marker	PACK		PACK marker 4096426C				rom_structure_analysis
resource_marker:rom:1995-08---4-27039-----owerbook-190---190:-638E37DD:2097152:40964272:PACK	40964272	resource_marker	PACK		PACK marker 40964272				rom_structure_analysis
resource_marker:rom:1995-08---4-27039-----owerbook-190---190:-638E37DD:2097152:40964278:PACK	40964278	resource_marker	PACK		PACK marker 40964278				rom_structure_analysis
resource_marker:rom:1994-09---5--10--1----uadra-660av---840a:6973886C:2097152:40965D60:DRVR	40965D60	resource_marker	DRVR		DRVR marker 40965D60				rom_structure_analysis
resource_marker:rom:1995-08---4-27039-----owerbook-190---190:-638E37DD:2097152:4096EA20:DRVR	4096EA20	resource_marker	DRVR		DRVR marker 4096EA20				rom_structure_analysis
resource_marker:rom:1995-08---4-27039-----owerbook-190---190:-638E37DD:2097152:40970C94:PACK	40970C94	resource_marker	PACK		PACK marker 40970C94				rom_structure_analysis
resource_marker:rom:1994-09---5--10--1----uadra-660av---840a:6973886C:2097152:4097154C:STR#	4097154C	resource_marker	STR#		STR# marker 4097154C				rom_structure_analysis
resource_marker:rom:1994-09---5--10--1----uadra-660av---840a:6973886C:2097152:40971786:DRVR	40971786	resource_marker	DRVR		DRVR marker 40971786				rom_structure_analysis
resource_marker:rom:1994-09---5--10--1----uadra-660av---840a:6973886C:2097152:40971802:DRVR	40971802	resource_marker	DRVR		DRVR marker 40971802				rom_structure_analysis
resource_marker:rom:1994-09---5--10--1----uadra-660av---840a:6973886C:2097152:40971C6C:DRVR	40971C6C	resource_marker	DRVR		DRVR marker 40971C6C				rom_structure_analysis
resource_marker:rom:1994-09---5--10--1----uadra-660av---840a:6973886C:2097152:40971C9A:DRVR	40971C9A	resource_marker	DRVR		DRVR marker 40971C9A				rom_structure_analysis
resource_marker:rom:1994-09---5--10--1----uadra-660av---840a:6973886C:2097152:40971D58:DRVR	40971D58	resource_marker	DRVR		DRVR marker 40971D58				rom_structure_analysis
resource_marker:rom:1994-09---5--10--1----uadra-660av---840a:6973886C:2097152:40971DE0:DRVR	40971DE0	resource_marker	DRVR		DRVR marker 40971DE0				rom_structure_analysis
resource_marker:rom:1994-09---5--10--1----uadra-660av---840a:6973886C:2097152:40971DF0:DRVR	40971DF0	resource_marker	DRVR		DRVR marker 40971DF0				rom_structure_analysis
resource_marker:rom:1994-09---5--10--1----uadra-660av---840a:6973886C:2097152:40971E00:DRVR	40971E00	resource_marker	DRVR		DRVR marker 40971E00				rom_structure_analysis
resource_marker:rom:1994-09---5--10--1----uadra-660av---840a:6973886C:2097152:40971E10:DRVR	40971E10	resource_marker	DRVR		DRVR marker 40971E10				rom_structure_analysis
resource_marker:rom:1995-08---4-27039-----owerbook-190---190:-638E37DD:2097152:40971E80:PACK	40971E80	resource_marker	PACK		PACK marker 40971E80				rom_structure_analysis
resource_marker:rom:1994-09---5--10--1----uadra-660av---840a:6973886C:2097152:40971F3C:STR#	40971F3C	resource_marker	STR#		STR# marker 40971F3C				rom_structure_analysis
resource_marker:rom:1994-09---5--10--1----uadra-660av---840a:6973886C:2097152:40971F54:STR#	40971F54	resource_marker	STR#		STR# marker 40971F54				rom_structure_analysis
resource_marker:rom:1995-08---4-27039-----owerbook-190---190:-638E37DD:2097152:409722A4:PACK	409722A4	resource_marker	PACK		PACK marker 409722A4				rom_structure_analysis
resource_marker:rom:1994-09---5--10--1----uadra-660av---840a:6973886C:2097152:409728D6:DRVR	409728D6	resource_marker	DRVR		DRVR marker 409728D6				rom_structure_analysis
resource_marker:rom:1994-09---5--10--1----uadra-660av---840a:6973886C:2097152:4097327C:STR#	4097327C	resource_marker	STR#		STR# marker 4097327C				rom_structure_analysis
resource_marker:rom:1994-09---5--10--1----uadra-660av---840a:6973886C:2097152:4097437A:DRVR	4097437A	resource_marker	DRVR		DRVR marker 4097437A				rom_structure_analysis
resource_marker:rom:1994-09---5--10--1----uadra-660av---840a:6973886C:2097152:40974890:DRVR	40974890	resource_marker	DRVR		DRVR marker 40974890				rom_structure_analysis
resource_marker:rom:1994-09---5--10--1----uadra-660av---840a:6973886C:2097152:409748DE:DRVR	409748DE	resource_marker	DRVR		DRVR marker 409748DE				rom_structure_analysis
resource_marker:rom:1994-09---5--10--1----uadra-660av---840a:6973886C:2097152:40975940:DRVR	40975940	resource_marker	DRVR		DRVR marker 40975940				rom_structure_analysis
resource_marker:rom:1994-09---5--10--1----uadra-660av---840a:6973886C:2097152:4097598E:DRVR	4097598E	resource_marker	DRVR		DRVR marker 4097598E				rom_structure_analysis
resource_marker:rom:1995-08---4-27039-----owerbook-190---190:-638E37DD:2097152:40975DC0:PACK	40975DC0	resource_marker	PACK		PACK marker 40975DC0				rom_structure_analysis
resource_marker:rom:1995-08---4-27039-----owerbook-190---190:-638E37DD:2097152:40975DE4:PACK	40975DE4	resource_marker	PACK		PACK marker 40975DE4				rom_structure_analysis
resource_marker:rom:1994-09---5--10--1----uadra-660av---840a:6973886C:2097152:409766D0:DRVR	409766D0	resource_marker	DRVR		DRVR marker 409766D0				rom_structure_analysis
resource_marker:rom:1994-09---5--10--1----uadra-660av---840a:6973886C:2097152:40976B36:DRVR	40976B36	resource_marker	DRVR		DRVR marker 40976B36				rom_structure_analysis
resource_marker:rom:1994-09---5--10--1----uadra-660av---840a:6973886C:2097152:40976D70:DRVR	40976D70	resource_marker	DRVR		DRVR marker 40976D70				rom_structure_analysis
resource_marker:rom:1995-08---4-27039-----owerbook-190---190:-638E37DD:2097152:40977220:PACK	40977220	resource_marker	PACK		PACK marker 40977220				rom_structure_analysis
resource_marker:rom:1995-08---4-27039-----owerbook-190---190:-638E37DD:2097152:409792D0:PACK	409792D0	resource_marker	PACK		PACK marker 409792D0				rom_structure_analysis
resource_marker:rom:1995-08---4-27039-----owerbook-190---190:-638E37DD:2097152:4097A510:PACK	4097A510	resource_marker	PACK		PACK marker 4097A510				rom_structure_analysis
resource_marker:rom:1995-08---4-27039-----owerbook-190---190:-638E37DD:2097152:4097A534:PACK	4097A534	resource_marker	PACK		PACK marker 4097A534				rom_structure_analysis
resource_marker:rom:1995-08---4-27039-----owerbook-190---190:-638E37DD:2097152:4097AA90:PACK	4097AA90	resource_marker	PACK		PACK marker 4097AA90				rom_structure_analysis
resource_marker:rom:1995-08---4-27039-----owerbook-190---190:-638E37DD:2097152:4097AAB2:PACK	4097AAB2	resource_marker	PACK		PACK marker 4097AAB2				rom_structure_analysis
resource_marker:rom:1994-09---5--10--1----uadra-660av---840a:6973886C:2097152:4097AC00:DRVR	4097AC00	resource_marker	DRVR		DRVR marker 4097AC00				rom_structure_analysis
resource_marker:rom:1994-09---5--10--1----uadra-660av---840a:6973886C:2097152:4097B062:DRVR	4097B062	resource_marker	DRVR		DRVR marker 4097B062				rom_structure_analysis
resource_marker:rom:1994-09---5--10--1----uadra-660av---840a:6973886C:2097152:4097B2A0:DRVR	4097B2A0	resource_marker	DRVR		DRVR marker 4097B2A0				rom_structure_analysis
resource_marker:rom:1994-09---5--10--1----uadra-660av---840a:6973886C:2097152:4097B2EE:DRVR	4097B2EE	resource_marker	DRVR		DRVR marker 4097B2EE				rom_structure_analysis
resource_marker:rom:1995-08---4-27039-----owerbook-190---190:-638E37DD:2097152:40980E80:PACK	40980E80	resource_marker	PACK		PACK marker 40980E80				rom_structure_analysis
resource_marker:rom:1995-08---4-27039-----owerbook-190---190:-638E37DD:2097152:40981BA5:PACK	40981BA5	resource_marker	PACK		PACK marker 40981BA5				rom_structure_analysis
resource_marker:rom:1995-08---4-27039-----owerbook-190---190:-638E37DD:2097152:409839FE:STR#	409839FE	resource_marker	STR#		STR# marker 409839FE				rom_structure_analysis
resource_marker:rom:1995-08---4-27039-----owerbook-190---190:-638E37DD:2097152:40983EB1:PACK	40983EB1	resource_marker	PACK		PACK marker 40983EB1				rom_structure_analysis
resource_marker:rom:1995-08---4-27039-----owerbook-190---190:-638E37DD:2097152:40984E71:PACK	40984E71	resource_marker	PACK		PACK marker 40984E71				rom_structure_analysis
resource_marker:rom:1995-08---4-27039-----owerbook-190---190:-638E37DD:2097152:40985430:PACK	40985430	resource_marker	PACK		PACK marker 40985430				rom_structure_analysis
resource_marker:rom:1995-08---4-27039-----owerbook-190---190:-638E37DD:2097152:40986CE2:PACK	40986CE2	resource_marker	PACK		PACK marker 40986CE2				rom_structure_analysis
resource_marker:rom:1995-08---4-27039-----owerbook-190---190:-638E37DD:2097152:4098A1C0:PACK	4098A1C0	resource_marker	PACK		PACK marker 4098A1C0				rom_structure_analysis
resource_marker:rom:1994-09---5--10--1----uadra-660av---840a:6973886C:2097152:4098CBE0:DRVR	4098CBE0	resource_marker	DRVR		DRVR marker 4098CBE0				rom_structure_analysis
resource_marker:rom:1994-09---5--10--1----uadra-660av---840a:6973886C:2097152:4098CF18:DRVR	4098CF18	resource_marker	DRVR		DRVR marker 4098CF18				rom_structure_analysis
resource_marker:rom:1994-09---5--10--1----uadra-660av---840a:6973886C:2097152:4098CF86:DRVR	4098CF86	resource_marker	DRVR		DRVR marker 4098CF86				rom_structure_analysis
resource_marker:rom:1994-09---5--10--1----uadra-660av---840a:6973886C:2097152:4098D450:DRVR	4098D450	resource_marker	DRVR		DRVR marker 4098D450				rom_structure_analysis
resource_marker:rom:1995-08---4-27039-----owerbook-190---190:-638E37DD:2097152:40991240:DRVR	40991240	resource_marker	DRVR		DRVR marker 40991240				rom_structure_analysis
resource_marker:rom:1994-09---5--10--1----uadra-660av---840a:6973886C:2097152:40991610:DRVR	40991610	resource_marker	DRVR		DRVR marker 40991610				rom_structure_analysis
resource_marker:rom:1994-09---5--10--1----uadra-660av---840a:6973886C:2097152:4099163E:ptch	4099163E	resource_marker	ptch		ptch marker 4099163E				rom_structure_analysis
resource_marker:rom:1994-09---5--10--1----uadra-660av---840a:6973886C:2097152:40992408:boot	40992408	resource_marker	boot		boot marker 40992408				rom_structure_analysis
resource_marker:rom:1994-09---5--10--1----uadra-660av---840a:6973886C:2097152:40993FA8:boot	40993FA8	resource_marker	boot		boot marker 40993FA8				rom_structure_analysis
resource_marker:rom:1994-09---5--10--1----uadra-660av---840a:6973886C:2097152:40994EE3:boot	40994EE3	resource_marker	boot		boot marker 40994EE3				rom_structure_analysis
resource_marker:rom:1995-08---4-27039-----owerbook-190---190:-638E37DD:2097152:4099878D:DRVR	4099878D	resource_marker	DRVR		DRVR marker 4099878D				rom_structure_analysis
resource_marker:rom:1995-08---4-27039-----owerbook-190---190:-638E37DD:2097152:409987E1:DRVR	409987E1	resource_marker	DRVR		DRVR marker 409987E1				rom_structure_analysis
resource_marker:rom:1995-08---4-27039-----owerbook-190---190:-638E37DD:2097152:409987FD:DRVR	409987FD	resource_marker	DRVR		DRVR marker 409987FD				rom_structure_analysis
resource_marker:rom:1995-08---4-27039-----owerbook-190---190:-638E37DD:2097152:4099890F:DRVR	4099890F	resource_marker	DRVR		DRVR marker 4099890F				rom_structure_analysis
resource_marker:rom:1995-08---4-27039-----owerbook-190---190:-638E37DD:2097152:409989C7:DRVR	409989C7	resource_marker	DRVR		DRVR marker 409989C7				rom_structure_analysis
resource_marker:rom:1995-08---4-27039-----owerbook-190---190:-638E37DD:2097152:40998C40:DRVR	40998C40	resource_marker	DRVR		DRVR marker 40998C40				rom_structure_analysis
resource_marker:rom:1995-08---4-27039-----owerbook-190---190:-638E37DD:2097152:4099B65E:STR	4099B65E	resource_marker	STR		STR  marker 4099B65E				rom_structure_analysis
resource_marker:rom:1994-09---5--10--1----uadra-660av---840a:6973886C:2097152:4099C380:boot	4099C380	resource_marker	boot		boot marker 4099C380				rom_structure_analysis
resource_marker:rom:1994-09---5--10--1----uadra-660av---840a:6973886C:2097152:4099C468:ptch	4099C468	resource_marker	ptch		ptch marker 4099C468				rom_structure_analysis
resource_marker:rom:1994-09---5--10--1----uadra-660av---840a:6973886C:2097152:4099C4EC:STR	4099C4EC	resource_marker	STR		STR  marker 4099C4EC				rom_structure_analysis
resource_marker:rom:1994-09---5--10--1----uadra-660av---840a:6973886C:2097152:4099CFB0:DRVR	4099CFB0	resource_marker	DRVR		DRVR marker 4099CFB0				rom_structure_analysis
resource_marker:rom:1994-09---5--10--1----uadra-660av---840a:6973886C:2097152:4099D068:boot	4099D068	resource_marker	boot		boot marker 4099D068				rom_structure_analysis
resource_marker:rom:1994-09---5--10--1----uadra-660av---840a:6973886C:2097152:4099F1E8:ptch	4099F1E8	resource_marker	ptch		ptch marker 4099F1E8				rom_structure_analysis
resource_marker:rom:1994-09---5--10--1----uadra-660av---840a:6973886C:2097152:409A013A:DRVR	409A013A	resource_marker	DRVR		DRVR marker 409A013A				rom_structure_analysis
resource_marker:rom:1994-09---5--10--1----uadra-660av---840a:6973886C:2097152:409A017A:DRVR	409A017A	resource_marker	DRVR		DRVR marker 409A017A				rom_structure_analysis
resource_marker:rom:1994-09---5--10--1----uadra-660av---840a:6973886C:2097152:409A0DF2:boot	409A0DF2	resource_marker	boot		boot marker 409A0DF2				rom_structure_analysis
resource_marker:rom:1994-09---5--10--1----uadra-660av---840a:6973886C:2097152:409A0E52:boot	409A0E52	resource_marker	boot		boot marker 409A0E52				rom_structure_analysis
resource_marker:rom:1994-09---5--10--1----uadra-660av---840a:6973886C:2097152:409A440E:STR	409A440E	resource_marker	STR		STR  marker 409A440E				rom_structure_analysis
resource_marker:rom:1995-08---4-27039-----owerbook-190---190:-638E37DD:2097152:409A45EA:STR	409A45EA	resource_marker	STR		STR  marker 409A45EA				rom_structure_analysis
resource_marker:rom:1995-08---4-27039-----owerbook-190---190:-638E37DD:2097152:409A45F0:STR	409A45F0	resource_marker	STR		STR  marker 409A45F0				rom_structure_analysis
resource_marker:rom:1995-08---4-27039-----owerbook-190---190:-638E37DD:2097152:409A465A:STR	409A465A	resource_marker	STR		STR  marker 409A465A				rom_structure_analysis
resource_marker:rom:1995-08---4-27039-----owerbook-190---190:-638E37DD:2097152:409A4660:STR	409A4660	resource_marker	STR		STR  marker 409A4660				rom_structure_analysis
resource_marker:rom:1995-08---4-27039-----owerbook-190---190:-638E37DD:2097152:409A46CA:STR	409A46CA	resource_marker	STR		STR  marker 409A46CA				rom_structure_analysis
resource_marker:rom:1995-08---4-27039-----owerbook-190---190:-638E37DD:2097152:409A46D0:STR	409A46D0	resource_marker	STR		STR  marker 409A46D0				rom_structure_analysis
resource_marker:rom:1995-08---4-27039-----owerbook-190---190:-638E37DD:2097152:409A473A:STR	409A473A	resource_marker	STR		STR  marker 409A473A				rom_structure_analysis
resource_marker:rom:1995-08---4-27039-----owerbook-190---190:-638E37DD:2097152:409A4740:STR	409A4740	resource_marker	STR		STR  marker 409A4740				rom_structure_analysis
resource_marker:rom:1995-08---4-27039-----owerbook-190---190:-638E37DD:2097152:409A47AA:STR	409A47AA	resource_marker	STR		STR  marker 409A47AA				rom_structure_analysis
resource_marker:rom:1995-08---4-27039-----owerbook-190---190:-638E37DD:2097152:409A47B0:STR	409A47B0	resource_marker	STR		STR  marker 409A47B0				rom_structure_analysis
resource_marker:rom:1995-08---4-27039-----owerbook-190---190:-638E37DD:2097152:409A481A:STR	409A481A	resource_marker	STR		STR  marker 409A481A				rom_structure_analysis
resource_marker:rom:1995-08---4-27039-----owerbook-190---190:-638E37DD:2097152:409A4820:STR	409A4820	resource_marker	STR		STR  marker 409A4820				rom_structure_analysis
resource_marker:rom:1995-08---4-27039-----owerbook-190---190:-638E37DD:2097152:409A488A:STR	409A488A	resource_marker	STR		STR  marker 409A488A				rom_structure_analysis
resource_marker:rom:1995-08---4-27039-----owerbook-190---190:-638E37DD:2097152:409A4890:STR	409A4890	resource_marker	STR		STR  marker 409A4890				rom_structure_analysis
resource_marker:rom:1994-09---5--10--1----uadra-660av---840a:6973886C:2097152:409A4D96:STR#	409A4D96	resource_marker	STR#		STR# marker 409A4D96				rom_structure_analysis
resource_marker:rom:1994-09---5--10--1----uadra-660av---840a:6973886C:2097152:409A5180:DRVR	409A5180	resource_marker	DRVR		DRVR marker 409A5180				rom_structure_analysis
resource_marker:rom:1994-09---5--10--1----uadra-660av---840a:6973886C:2097152:409A51BA:STR	409A51BA	resource_marker	STR		STR  marker 409A51BA				rom_structure_analysis
resource_marker:rom:1994-09---5--10--1----uadra-660av---840a:6973886C:2097152:409A51C0:STR	409A51C0	resource_marker	STR		STR  marker 409A51C0				rom_structure_analysis
resource_marker:rom:1995-08---4-27039-----owerbook-190---190:-638E37DD:2097152:409A5210:STR	409A5210	resource_marker	STR		STR  marker 409A5210				rom_structure_analysis
resource_marker:rom:1995-08---4-27039-----owerbook-190---190:-638E37DD:2097152:409A54B8:STR#	409A54B8	resource_marker	STR#		STR# marker 409A54B8				rom_structure_analysis
resource_marker:rom:1995-08---4-27039-----owerbook-190---190:-638E37DD:2097152:409A5F76:DRVR	409A5F76	resource_marker	DRVR		DRVR marker 409A5F76				rom_structure_analysis
resource_marker:rom:1995-08---4-27039-----owerbook-190---190:-638E37DD:2097152:409A5FF2:DRVR	409A5FF2	resource_marker	DRVR		DRVR marker 409A5FF2				rom_structure_analysis
resource_marker:rom:1995-08---4-27039-----owerbook-190---190:-638E37DD:2097152:409A6270:DRVR	409A6270	resource_marker	DRVR		DRVR marker 409A6270				rom_structure_analysis
resource_marker:rom:1995-08---4-27039-----owerbook-190---190:-638E37DD:2097152:409A6CC0:DRVR	409A6CC0	resource_marker	DRVR		DRVR marker 409A6CC0				rom_structure_analysis
resource_marker:rom:1995-08---4-27039-----owerbook-190---190:-638E37DD:2097152:409A743A:STR	409A743A	resource_marker	STR		STR  marker 409A743A				rom_structure_analysis
resource_marker:rom:1995-08---4-27039-----owerbook-190---190:-638E37DD:2097152:409A773E:STR#	409A773E	resource_marker	STR#		STR# marker 409A773E				rom_structure_analysis
resource_marker:rom:1995-08---4-27039-----owerbook-190---190:-638E37DD:2097152:409A8170:DRVR	409A8170	resource_marker	DRVR		DRVR marker 409A8170				rom_structure_analysis
resource_marker:rom:1995-08---4-27039-----owerbook-190---190:-638E37DD:2097152:409A89D0:STR	409A89D0	resource_marker	STR		STR  marker 409A89D0				rom_structure_analysis
resource_marker:rom:1995-08---4-27039-----owerbook-190---190:-638E37DD:2097152:409A8CD6:STR#	409A8CD6	resource_marker	STR#		STR# marker 409A8CD6				rom_structure_analysis
resource_marker:rom:1995-08---4-27039-----owerbook-190---190:-638E37DD:2097152:409A8EAA:DRVR	409A8EAA	resource_marker	DRVR		DRVR marker 409A8EAA				rom_structure_analysis
resource_marker:rom:1995-08---4-27039-----owerbook-190---190:-638E37DD:2097152:409A8F0C:DRVR	409A8F0C	resource_marker	DRVR		DRVR marker 409A8F0C				rom_structure_analysis
resource_marker:rom:1995-08---4-27039-----owerbook-190---190:-638E37DD:2097152:409A9AC0:DRVR	409A9AC0	resource_marker	DRVR		DRVR marker 409A9AC0				rom_structure_analysis
resource_marker:rom:1994-09---5--10--1----uadra-660av---840a:6973886C:2097152:409AC4B8:STR#	409AC4B8	resource_marker	STR#		STR# marker 409AC4B8				rom_structure_analysis
resource_marker:rom:1994-09---5--10--1----uadra-660av---840a:6973886C:2097152:409AC54A:STR	409AC54A	resource_marker	STR		STR  marker 409AC54A				rom_structure_analysis
resource_marker:rom:1994-09---5--10--1----uadra-660av---840a:6973886C:2097152:409AC550:STR	409AC550	resource_marker	STR		STR  marker 409AC550				rom_structure_analysis
resource_marker:rom:1995-08---4-27039-----owerbook-190---190:-638E37DD:2097152:409AC7AA:STR	409AC7AA	resource_marker	STR		STR  marker 409AC7AA				rom_structure_analysis
resource_marker:rom:1995-08---4-27039-----owerbook-190---190:-638E37DD:2097152:409AC7B0:STR	409AC7B0	resource_marker	STR		STR  marker 409AC7B0				rom_structure_analysis
resource_marker:rom:1995-08---4-27039-----owerbook-190---190:-638E37DD:2097152:409AC81A:STR	409AC81A	resource_marker	STR		STR  marker 409AC81A				rom_structure_analysis
resource_marker:rom:1995-08---4-27039-----owerbook-190---190:-638E37DD:2097152:409AC820:STR	409AC820	resource_marker	STR		STR  marker 409AC820				rom_structure_analysis
resource_marker:rom:1995-08---4-27039-----owerbook-190---190:-638E37DD:2097152:409AC88A:STR	409AC88A	resource_marker	STR		STR  marker 409AC88A				rom_structure_analysis
resource_marker:rom:1995-08---4-27039-----owerbook-190---190:-638E37DD:2097152:409AC890:STR	409AC890	resource_marker	STR		STR  marker 409AC890				rom_structure_analysis
resource_marker:rom:1995-08---4-27039-----owerbook-190---190:-638E37DD:2097152:409AC8FA:STR	409AC8FA	resource_marker	STR		STR  marker 409AC8FA				rom_structure_analysis
resource_marker:rom:1995-08---4-27039-----owerbook-190---190:-638E37DD:2097152:409AC900:STR	409AC900	resource_marker	STR		STR  marker 409AC900				rom_structure_analysis
resource_marker:rom:1995-08---4-27039-----owerbook-190---190:-638E37DD:2097152:409ACAB0:DRVR	409ACAB0	resource_marker	DRVR		DRVR marker 409ACAB0				rom_structure_analysis
resource_marker:rom:1995-08---4-27039-----owerbook-190---190:-638E37DD:2097152:409ACAE0:DRVR	409ACAE0	resource_marker	DRVR		DRVR marker 409ACAE0				rom_structure_analysis
resource_marker:rom:1995-08---4-27039-----owerbook-190---190:-638E37DD:2097152:409ACB00:DRVR	409ACB00	resource_marker	DRVR		DRVR marker 409ACB00				rom_structure_analysis
resource_marker:rom:1995-08---4-27039-----owerbook-190---190:-638E37DD:2097152:409AF760:decl	409AF760	resource_marker	decl		decl marker 409AF760				rom_structure_analysis
resource_marker:rom:1995-08---4-27039-----owerbook-190---190:-638E37DD:2097152:409B2FF5:DRVR	409B2FF5	resource_marker	DRVR		DRVR marker 409B2FF5				rom_structure_analysis
resource_marker:rom:1995-08---4-27039-----owerbook-190---190:-638E37DD:2097152:409B3063:DRVR	409B3063	resource_marker	DRVR		DRVR marker 409B3063				rom_structure_analysis
resource_marker:rom:1995-08---4-27039-----owerbook-190---190:-638E37DD:2097152:409B33E7:DRVR	409B33E7	resource_marker	DRVR		DRVR marker 409B33E7				rom_structure_analysis
resource_marker:rom:1995-08---4-27039-----owerbook-190---190:-638E37DD:2097152:409B35A9:DRVR	409B35A9	resource_marker	DRVR		DRVR marker 409B35A9				rom_structure_analysis
resource_marker:rom:1995-08---4-27039-----owerbook-190---190:-638E37DD:2097152:409B40AF:DRVR	409B40AF	resource_marker	DRVR		DRVR marker 409B40AF				rom_structure_analysis
resource_marker:rom:1995-08---4-27039-----owerbook-190---190:-638E37DD:2097152:409B4270:boot	409B4270	resource_marker	boot		boot marker 409B4270				rom_structure_analysis
resource_marker:rom:1995-08---4-27039-----owerbook-190---190:-638E37DD:2097152:409B460D:DRVR	409B460D	resource_marker	DRVR		DRVR marker 409B460D				rom_structure_analysis
resource_marker:rom:1994-09---5--10--1----uadra-660av---840a:6973886C:2097152:409B6030:ptch	409B6030	resource_marker	ptch		ptch marker 409B6030				rom_structure_analysis
resource_marker:rom:1994-09---5--10--1----uadra-660av---840a:6973886C:2097152:409B6A00:DRVR	409B6A00	resource_marker	DRVR		DRVR marker 409B6A00				rom_structure_analysis
resource_marker:rom:1995-08---4-27039-----owerbook-190---190:-638E37DD:2097152:409B6BA6:boot	409B6BA6	resource_marker	boot		boot marker 409B6BA6				rom_structure_analysis
resource_marker:rom:1995-08---4-27039-----owerbook-190---190:-638E37DD:2097152:409B6D58:STR#	409B6D58	resource_marker	STR#		STR# marker 409B6D58				rom_structure_analysis
resource_marker:rom:1994-09---5--10--1----uadra-660av---840a:6973886C:2097152:409B9052:STR	409B9052	resource_marker	STR		STR  marker 409B9052				rom_structure_analysis
resource_marker:rom:1994-09---5--10--1----uadra-660av---840a:6973886C:2097152:409BBC12:STR	409BBC12	resource_marker	STR		STR  marker 409BBC12				rom_structure_analysis
resource_marker:rom:1994-09---5--10--1----uadra-660av---840a:6973886C:2097152:409BBE98:STR#	409BBE98	resource_marker	STR#		STR# marker 409BBE98				rom_structure_analysis
resource_marker:rom:1994-09---5--10--1----uadra-660av---840a:6973886C:2097152:409BC540:DRVR	409BC540	resource_marker	DRVR		DRVR marker 409BC540				rom_structure_analysis
resource_marker:rom:1995-08---4-27039-----owerbook-190---190:-638E37DD:2097152:409EC974:decl	409EC974	resource_marker	decl		decl marker 409EC974				rom_structure_analysis
resource_marker:rom:1995-08---4-27039-----owerbook-190---190:-638E37DD:2097152:409FEFFA:decl	409FEFFA	resource_marker	decl		decl marker 409FEFFA				rom_structure_analysis
